<!DOCTYPE hibernate-configuration PUBLIC  
          "-//Hibernate/Hibernate Configuration DTD 5.3//EN"  
          "http://hibernate.sourceforge.net/hibernate-configuration-3.0.dtd">

<hibernate-configuration>
	<session-factory>
		<property name="hbm2ddl.auto">update</property>
		<property name="dialect">org.hibernate.dialect.PostgreSQLDialect</property>
		<property name="connection.url">jdbc:postgresql:naushad</property>
		<property name="connection.username">postgres</property>
		<property name="connection.password">naushad</property>
		<property name="connection.driver_class">org.postgresql.Driver</property>
		<property name="show_sql">true</property>
		<!-- <mapping resource="student.hbm.xml" /> -->
	</session-factory>

</hibernate-configuration>  