<?xml version='1.0' encoding='UTF-8'?>  
<!DOCTYPE hibernate-mapping PUBLIC  
 "-//Hibernate/Hibernate Mapping DTD 5.3//EN"  
 "http://hibernate.sourceforge.net/hibernate-mapping-3.0.dtd">

<hibernate-mapping>
	<class name="com.nau.entity.StudentEntity" table="digit">
		<id name="rollNo" column="rollnop">
			<generator class="assigned"></generator>
		</id>

		<property name="name"></property>
		<property name="city"></property>
		<property name="email"></property>
	</class>

</hibernate-mapping>  
